{"lat_min": -6.8775996, "lat_max": -6.8512084, "lon_min": -79.8306968, "lon_max": -79.80430120000001}